,Unnamed: 0,timestamp,pv_yield_power,household_consumption,grid,storage,storage_current_level
0,0,2023-06-03 00:00:00,0.0,3373.81799443563,3273.81799443563,100.0,100
1,1,2023-06-03 00:05:00,0.0,3327.4973360697427,3327.4973360697427,0.0,0
2,2,2023-06-03 00:10:00,0.0,3282.9710027058923,3282.9710027058923,0.0,0
3,3,2023-06-03 00:15:00,0.0,3281.6983383178663,3281.6983383178663,0.0,0
4,4,2023-06-03 00:20:00,0.0,3392.7083391825336,3392.7083391825336,0.0,0
5,5,2023-06-03 00:25:00,0.0,3393.9976679484043,3393.9976679484043,0.0,0
6,6,2023-06-03 00:30:00,0.0,3239.5203308105465,3239.5203308105465,0.0,0
7,7,2023-06-03 00:35:00,0.0,3204.672666676839,3204.672666676839,0.0,0
8,8,2023-06-03 00:40:00,0.0,3235.5686696370444,3235.5686696370444,0.0,0
9,9,2023-06-03 00:45:00,0.0,3322.15267486572,3322.15267486572,0.0,0
10,10,2023-06-03 00:50:00,0.0,3293.529336547852,3293.529336547852,0.0,0
11,11,2023-06-03 00:55:00,0.0,3304.1006607055665,3304.1006607055665,0.0,0
12,12,2023-06-03 01:00:00,0.0,3485.2549985249843,3485.2549985249843,0.0,0
13,13,2023-06-03 01:05:00,0.0,3443.850335947669,3443.850335947669,0.0,0
14,14,2023-06-03 01:10:00,0.0,3468.914664967854,3468.914664967854,0.0,0
15,15,2023-06-03 01:15:00,0.0,3479.575328063967,3479.575328063967,0.0,0
16,16,2023-06-03 01:20:00,0.0,3517.4589950561544,3517.4589950561544,0.0,0
17,17,2023-06-03 01:25:00,0.0,3277.9963284810374,3277.9963284810374,0.0,0
18,18,2023-06-03 01:30:00,0.0,3257.001994323732,3257.001994323732,0.0,0
19,19,2023-06-03 01:35:00,0.0,3351.8933390299467,3351.8933390299467,0.0,0
20,20,2023-06-03 01:40:00,0.0,3429.657002766924,3429.657002766924,0.0,0
21,21,2023-06-03 01:45:00,0.0,3286.776335144042,3286.776335144042,0.0,0
22,22,2023-06-03 01:50:00,0.0,3231.6213292439747,3231.6213292439747,0.0,0
23,23,2023-06-03 01:55:00,0.0,3208.168671417236,3208.168671417236,0.0,0
24,24,2023-06-03 02:00:00,0.0,3220.720991770424,3220.720991770424,0.0,0
25,25,2023-06-03 02:05:00,0.0,3117.995004018147,3117.995004018147,0.0,0
26,26,2023-06-03 02:10:00,0.0,3198.918345642089,3198.918345642089,0.0,0
27,27,2023-06-03 02:15:00,0.0,3209.687001291912,3209.687001291912,0.0,0
28,28,2023-06-03 02:20:00,0.0,3228.1626691182446,3228.1626691182446,0.0,0
29,29,2023-06-03 02:25:00,0.0,3231.389001210533,3231.389001210533,0.0,0
30,30,2023-06-03 02:30:00,0.0,3179.959660847981,3179.959660847981,0.0,0
31,31,2023-06-03 02:35:00,0.0,3234.4496658325183,3234.4496658325183,0.0,0
32,32,2023-06-03 02:40:00,0.0,3117.141329447428,3117.141329447428,0.0,0
33,33,2023-06-03 02:45:00,0.0,3003.122658030191,3003.122658030191,0.0,0
34,34,2023-06-03 02:50:00,0.0,3091.6696711222357,3091.6696711222357,0.0,0
35,35,2023-06-03 02:55:00,0.0,3145.799998728435,3145.799998728435,0.0,0
36,36,2023-06-03 03:00:00,0.0,3137.7153322855643,3137.7153322855643,0.0,0
37,37,2023-06-03 03:05:00,0.0,3042.2979988098155,3042.2979988098155,0.0,0
38,38,2023-06-03 03:10:00,0.0,2866.4763381958014,2866.4763381958014,0.0,0
39,39,2023-06-03 03:15:00,0.0,2916.458003997802,2916.458003997802,0.0,0
40,40,2023-06-03 03:20:00,0.0,3025.491328430178,3025.491328430178,0.0,0
41,41,2023-06-03 03:25:00,0.0,2968.600994110109,2968.600994110109,0.0,0
42,42,2023-06-03 03:30:00,34.766666666666666,2781.391333262124,2746.6246665954573,0.0,0
43,43,2023-06-03 03:35:00,104.76666666666668,2939.373000335689,2834.606333669022,0.0,0
44,44,2023-06-03 03:40:00,174.76666666666668,2944.119331105548,2769.352664438881,0.0,0
45,45,2023-06-03 03:45:00,299.4,2929.1946655273427,2629.7946655273427,0.0,0
46,46,2023-06-03 03:50:00,479.4,2958.9413289388035,2479.5413289388034,0.0,0
47,47,2023-06-03 03:55:00,659.4,3186.1756627400755,2526.7756627400754,0.0,0
48,48,2023-06-03 04:00:00,966.05,3358.6220057169558,2392.5720057169556,0.0,0
49,49,2023-06-03 04:05:00,1401.05,3241.935331471761,1840.885331471761,0.0,0
50,50,2023-06-03 04:10:00,1836.05,3144.017994944256,1307.967994944256,0.0,0
51,51,2023-06-03 04:15:00,2675.833333333333,3036.786333465579,360.95300013224596,0.0,0
52,52,2023-06-03 04:20:00,3925.8333333333335,3814.673653157554,0.0,-111.15968017577961,0
53,53,2023-06-03 04:25:00,5175.833333333333,3201.1309997558574,-1785.7023335774757,-189.0,111
54,54,2023-06-03 04:30:00,6170.05,3236.1686678568512,-2933.881332143149,0.0,300
55,55,2023-06-03 04:35:00,6905.05,3490.500997924808,-3414.549002075192,0.0,300
56,56,2023-06-03 04:40:00,7640.05,3796.156994120272,-3843.893005879728,0.0,300
57,57,2023-06-03 04:45:00,8235.983333333334,3301.7283353169746,-4934.2549980163585,0.0,300
58,58,2023-06-03 04:50:00,8690.983333333334,3629.7423339843785,-5061.240999348955,0.0,300
59,59,2023-06-03 04:55:00,9145.983333333334,3601.719330088293,-5544.26400324504,0.0,300
60,60,2023-06-03 05:00:00,9531.45,3409.2739974975566,-6122.176002502444,0.0,300
61,61,2023-06-03 05:05:00,9846.45,3072.0656664530443,-6774.384333546956,0.0,300
62,62,2023-06-03 05:10:00,10161.45,3494.165334065756,-6667.284665934245,0.0,300
63,63,2023-06-03 05:15:00,10804.25,3659.155000559489,-7145.094999440511,0.0,300
64,64,2023-06-03 05:20:00,11779.25,3912.37000554402,-7866.87999445598,0.0,300
65,65,2023-06-03 05:25:00,12754.25,4034.433655293791,-8719.816344706209,0.0,300
66,66,2023-06-03 05:30:00,13485.883333333331,3842.43432973226,-9643.449003601072,0.0,300
67,67,2023-06-03 05:35:00,13970.883333333331,4569.522666676838,-9401.360666656494,0.0,300
68,68,2023-06-03 05:40:00,14455.883333333331,4828.5543355305945,-9627.328997802737,0.0,300
69,69,2023-06-03 05:45:00,14712.416666666666,5643.672009531661,-9068.744657135005,0.0,300
70,70,2023-06-03 05:50:00,14737.416666666666,5473.832000223794,-9263.584666442872,0.0,300
71,71,2023-06-03 05:55:00,14762.416666666666,3372.400988769534,-11390.015677897132,0.0,300
72,72,2023-06-03 06:00:00,15296.5,4161.753337351475,-11134.746662648526,0.0,300
73,73,2023-06-03 06:05:00,16346.5,4888.712332916257,-11457.787667083743,0.0,300
74,74,2023-06-03 06:10:00,17396.5,5001.043340047209,-12395.45665995279,0.0,300
75,75,2023-06-03 06:15:00,18163.4,4413.129660542815,-13750.270339457187,0.0,300
76,76,2023-06-03 06:20:00,18643.4,3501.7533315022783,-15141.646668497724,0.0,300
77,77,2023-06-03 06:25:00,19123.4,3613.6763371785487,-15509.723662821452,0.0,300
78,78,2023-06-03 06:30:00,19682.866666666665,3592.162002309162,-16090.704664357503,0.0,300
79,79,2023-06-03 06:35:00,20322.866666666665,4434.4870010376,-15888.379665629065,0.0,300
80,80,2023-06-03 06:40:00,20962.866666666665,4100.694340769453,-16862.172325897212,0.0,300
81,81,2023-06-03 06:45:00,21587.966666666667,5192.387994893394,-16395.578671773274,0.0,300
82,82,2023-06-03 06:50:00,22197.966666666667,5430.091333516441,-16767.875333150227,0.0,300
83,83,2023-06-03 06:55:00,22807.966666666667,4461.44398854574,-18346.522678120928,0.0,300
84,84,2023-06-03 07:00:00,23408.033333333333,4620.202319590255,-18787.831013743078,0.0,300
85,85,2023-06-03 07:05:00,23998.033333333333,4376.847328694656,-19621.186004638676,0.0,300
86,86,2023-06-03 07:10:00,24588.033333333333,4375.95767186482,-20212.075661468512,0.0,300
87,87,2023-06-03 07:15:00,25245.08333333333,4741.680007680261,-20503.403325653067,0.0,300
88,88,2023-06-03 07:20:00,25970.08333333333,4925.6633394877,-21044.41999384563,0.0,300
89,89,2023-06-03 07:25:00,26695.08333333333,6667.060339355469,-20028.02299397786,0.0,300
90,90,2023-06-03 07:30:00,27420.08333333333,7291.94900258381,-20128.13433074952,0.0,300
91,91,2023-06-03 07:35:00,28145.08333333333,5945.053353118896,-22200.029980214433,0.0,300
92,92,2023-06-03 07:40:00,28870.08333333333,5419.0226557413735,-23451.060677591955,0.0,300
93,93,2023-06-03 07:45:00,29460.983333333334,4855.044327036545,-24605.939006296787,0.0,300
94,94,2023-06-03 07:50:00,29915.983333333334,6221.998001098641,-23693.985332234693,0.0,300
95,95,2023-06-03 07:55:00,30370.983333333334,5835.119340260827,-24535.863993072508,0.0,300
96,96,2023-06-03 08:00:00,30883.1,4707.389990488688,-26175.71000951131,0.0,300
97,97,2023-06-03 08:05:00,31453.1,5013.997334543853,-26439.102665456146,0.0,300
98,98,2023-06-03 08:10:00,32023.1,6551.268987528481,-25471.831012471517,0.0,300
99,99,2023-06-03 08:15:00,32595.58333333333,7754.224693044046,-24841.358640289283,0.0,300
100,100,2023-06-03 08:20:00,33170.583333333336,8158.238346354154,-25012.34498697918,0.0,300
101,101,2023-06-03 08:25:00,33745.583333333336,6807.085692596424,-26938.49764073691,0.0,300
102,102,2023-06-03 08:30:00,34246.083333333336,6302.00797958374,-27944.075353749595,0.0,300
103,103,2023-06-03 08:35:00,34671.083333333336,4255.274332427969,-30415.809000905367,0.0,300
104,104,2023-06-03 08:40:00,35096.083333333336,4520.051993815108,-30576.031339518227,0.0,300
105,105,2023-06-03 08:45:00,35478.86666666667,4966.671991984051,-30512.194674682618,0.0,300
106,106,2023-06-03 08:50:00,35818.86666666667,4585.310003407797,-31233.55666325887,0.0,300
107,107,2023-06-03 08:55:00,36158.86666666667,4817.474337005615,-31341.392329661052,0.0,300
108,108,2023-06-03 09:00:00,36538.6,4492.96233444214,-32045.637665557857,0.0,300
109,109,2023-06-03 09:05:00,36958.6,4292.551993560793,-32666.048006439207,0.0,300
110,110,2023-06-03 09:10:00,37378.6,4392.575667063397,-32986.0243329366,0.0,300
111,111,2023-06-03 09:15:00,37743.96666666667,4767.846667226154,-32976.11999944051,0.0,300
112,112,2023-06-03 09:20:00,38053.96666666667,5602.617311350505,-32451.34935531616,0.0,300
113,113,2023-06-03 09:25:00,38363.96666666667,6901.637337748213,-31462.329328918455,0.0,300
114,114,2023-06-03 09:30:00,38788.2,7621.43164698283,-31166.768353017167,0.0,300
115,115,2023-06-03 09:35:00,39328.2,7412.248332468672,-31915.951667531324,0.0,300
116,116,2023-06-03 09:40:00,39868.2,5961.741325887041,-33906.45867411295,0.0,300
117,117,2023-06-03 09:45:00,39993.48333333333,4616.233996073407,-35377.24933725992,0.0,300
118,118,2023-06-03 09:50:00,39698.48333333333,5390.23099594116,-34308.25233739217,0.0,300
119,119,2023-06-03 09:55:00,39403.48333333333,6168.744343566902,-33234.738989766425,0.0,300
120,120,2023-06-03 10:00:00,38179.71666666667,6276.202659352626,-31903.514007314043,0.0,300
121,121,2023-06-03 10:05:00,36014.71666666667,7622.6646588643425,-28392.052007802326,0.0,300
122,122,2023-06-03 10:10:00,33849.71666666667,7406.560672760006,-26443.15599390666,0.0,300
123,123,2023-06-03 10:15:00,33964.416666666664,6535.364013163248,-27429.052653503415,0.0,300
124,124,2023-06-03 10:20:00,36389.41666666666,4505.068342081708,-31884.34832458495,0.0,300
125,125,2023-06-03 10:25:00,38814.41666666666,4319.21599400839,-34495.20067265827,0.0,300
126,126,2023-06-03 10:30:00,38468.01666666667,3884.78465881348,-34583.23200785319,0.0,300
127,127,2023-06-03 10:35:00,35313.01666666667,3955.552339172364,-31357.464327494305,0.0,300
128,128,2023-06-03 10:40:00,32158.016666666663,4373.214333343508,-27784.802333323154,0.0,300
129,129,2023-06-03 10:45:00,32191.616666666665,4568.811325073245,-27622.80534159342,0.0,300
130,130,2023-06-03 10:50:00,35456.61666666667,6318.483656565345,-29138.133010101323,0.0,300
131,131,2023-06-03 10:55:00,38721.61666666667,5613.434341430652,-33108.18232523602,0.0,300
132,132,2023-06-03 11:00:00,39031.45,7157.336664072668,-31874.11333592733,0.0,300
133,133,2023-06-03 11:05:00,36346.45,6955.722657775886,-29390.727342224112,0.0,300
134,134,2023-06-03 11:10:00,33661.45,5123.361689249668,-28538.08831075033,0.0,300
135,135,2023-06-03 11:15:00,32590.616666666665,4707.03899841309,-27883.577668253576,0.0,300
136,136,2023-06-03 11:20:00,33155.61666666667,4819.057669067382,-28336.558997599284,0.0,300
137,137,2023-06-03 11:25:00,33720.61666666667,4618.867673238118,-29101.74899342855,0.0,300
138,138,2023-06-03 11:30:00,35552.11666666667,4688.350337727868,-30863.7663289388,0.0,300
139,139,2023-06-03 11:35:00,38667.11666666667,6915.492365519211,-31751.624301147458,0.0,300
140,140,2023-06-03 11:40:00,41782.11666666667,8097.697342427564,-33684.419324239105,0.0,300
141,141,2023-06-03 11:45:00,42662.11666666667,6945.682330830893,-35716.43433583577,0.0,300
142,142,2023-06-03 11:50:00,41277.11666666667,6159.864998881028,-35117.25166778564,0.0,300
143,143,2023-06-03 11:55:00,39892.11666666667,6817.581672668457,-33074.53499399821,0.0,300
144,144,2023-06-03 12:00:00,37322.566666666666,5977.421024068194,-31345.145642598472,0.0,300
145,145,2023-06-03 12:05:00,33552.566666666666,5263.474998728435,-28289.09166793823,0.0,300
146,146,2023-06-03 12:10:00,29782.566666666666,4646.5306737264,-25136.035992940266,0.0,300
147,147,2023-06-03 12:15:00,25754.3,6566.798352813718,-19187.50164718628,0.0,300
148,148,2023-06-03 12:20:00,21464.3,4648.903999837241,-16815.396000162757,0.0,300
149,149,2023-06-03 12:25:00,17174.3,4499.591993459067,-12674.708006540932,0.0,300
150,150,2023-06-03 12:30:00,18357.566666666666,4459.7623357137045,-13897.80433095296,0.0,300
151,151,2023-06-03 12:35:00,25087.566666666666,3681.135671488444,-21406.43099517822,0.0,300
152,152,2023-06-03 12:40:00,31817.566666666666,4818.65397847493,-26998.912688191736,0.0,300
153,153,2023-06-03 12:45:00,35828.316666666666,4864.267012023918,-30964.049654642746,0.0,300
154,154,2023-06-03 12:50:00,37083.316666666666,4377.674662017821,-32705.642004648846,0.0,300
155,155,2023-06-03 12:55:00,38338.316666666666,5796.683998107913,-32541.632668558752,0.0,300
156,156,2023-06-03 13:00:00,34673.833333333336,4994.521347554519,-29679.31198577882,0.0,300
157,157,2023-06-03 13:05:00,26023.83333333333,5220.264351908365,-20803.568981424964,0.0,300
158,158,2023-06-03 13:10:00,17373.833333333332,4727.833998616535,-12645.999334716798,0.0,300
159,159,2023-06-03 13:15:00,12893.35,5785.587013244631,-7107.76298675537,0.0,300
160,160,2023-06-03 13:20:00,12638.35,6215.812994384774,-6422.537005615226,0.0,300
161,161,2023-06-03 13:25:00,12383.35,6237.992675781251,-6145.357324218749,0.0,300
162,162,2023-06-03 13:30:00,14748.266666666666,5482.194003295899,-9266.072663370767,0.0,300
163,163,2023-06-03 13:35:00,19768.266666666663,4358.9346590677815,-15409.332007598881,0.0,300
164,164,2023-06-03 13:40:00,24788.266666666663,5582.524648030596,-19205.74201863607,0.0,300
165,165,2023-06-03 13:45:00,25333.3,6027.046983591717,-19306.253016408282,0.0,300
166,166,2023-06-03 13:50:00,21343.3,4912.883992767337,-16430.416007232663,0.0,300
167,167,2023-06-03 13:55:00,17353.3,4219.928334045408,-13133.371665954592,0.0,300
168,168,2023-06-03 14:00:00,18382.116666666665,4589.412001546217,-13792.704665120447,0.0,300
169,169,2023-06-03 14:05:00,24497.116666666665,5913.167339070645,-18583.94932759602,0.0,300
170,170,2023-06-03 14:10:00,30612.116666666665,7039.605668640146,-23572.51099802652,0.0,300
171,171,2023-06-03 14:15:00,30948.4,6332.067670694978,-24616.332329305023,0.0,300
172,172,2023-06-03 14:20:00,25428.4,6086.001998138428,-19342.398001861573,0.0,300
173,173,2023-06-03 14:25:00,19908.4,3674.154334513348,-16234.245665486653,0.0,300
174,174,2023-06-03 14:30:00,19886.5,4238.258332316079,-15648.24166768392,0.0,300
175,175,2023-06-03 14:35:00,25436.5,5977.238988749196,-19459.261011250805,0.0,300
176,176,2023-06-03 14:40:00,30986.5,6063.897324625641,-24922.602675374357,0.0,300
177,177,2023-06-03 14:45:00,33355.35,5124.320674641918,-28231.029325358082,0.0,300
178,178,2023-06-03 14:50:00,32500.35,4175.339004262287,-28325.010995737714,0.0,300
179,179,2023-06-03 14:55:00,31645.35,4142.883325195313,-27502.466674804688,0.0,300
180,180,2023-06-03 15:00:00,31016.33333333333,7323.48467051189,-23692.848662821438,0.0,300
181,181,2023-06-03 15:05:00,30616.33333333333,8621.058649444582,-21995.274683888747,0.0,300
182,182,2023-06-03 15:10:00,30216.33333333333,8204.847995503751,-22011.485337829577,0.0,300
183,183,2023-06-03 15:15:00,29369.33333333333,7742.778671773271,-21626.554661560058,0.0,300
184,184,2023-06-03 15:20:00,28069.33333333333,7397.691015624989,-20671.64231770834,0.0,300
185,185,2023-06-03 15:25:00,26769.33333333333,5634.755988566089,-21134.57734476724,0.0,300
186,186,2023-06-03 15:30:00,24992.533333333333,5904.013661193853,-19088.51967213948,0.0,300
187,187,2023-06-03 15:35:00,22732.533333333333,6168.884332784014,-16563.649000549318,0.0,300
188,188,2023-06-03 15:40:00,20472.533333333333,4960.736678568519,-15511.796654764814,0.0,300
189,189,2023-06-03 15:45:00,19948.38333333333,4866.73368123372,-15081.649652099612,0.0,300
190,190,2023-06-03 15:50:00,21183.38333333333,4844.432660929356,-16338.950672403975,0.0,300
191,191,2023-06-03 15:55:00,22418.38333333333,6753.570637003576,-15664.812696329755,0.0,300
192,192,2023-06-03 16:00:00,22456.416666666668,6969.242013295487,-15487.174653371181,0.0,300
193,193,2023-06-03 16:05:00,21281.416666666668,6933.203334299721,-14348.213332366948,0.0,300
194,194,2023-06-03 16:10:00,20106.416666666668,6989.52398503621,-13116.892681630457,0.0,300
195,195,2023-06-03 16:15:00,17530.816666666666,7701.638332875571,-9829.178333791095,0.0,300
196,196,2023-06-03 16:20:00,13535.816666666668,7899.360342407221,-5636.456324259447,0.0,300
197,197,2023-06-03 16:25:00,9540.816666666668,7624.575352478012,-1916.2413141886555,0.0,300
198,198,2023-06-03 16:30:00,7217.1,5977.7466751098655,-1239.353324890135,0.0,300
199,199,2023-06-03 16:35:00,6587.1,6129.44765879313,-457.65234120687,0.0,300
200,200,2023-06-03 16:40:00,5957.1,5419.201641845707,-537.8983581542934,0.0,300
201,201,2023-06-03 16:45:00,5731.883333333333,4524.380335998538,-1207.5029973347955,0.0,300
202,202,2023-06-03 16:50:00,5916.883333333333,4489.128336588543,-1427.7549967447903,0.0,300
203,203,2023-06-03 16:55:00,6101.883333333333,4541.002667236329,-1560.880666097004,0.0,300
204,204,2023-06-03 17:00:00,5909.416666666667,4724.517330932619,-1184.8993357340478,0.0,300
205,205,2023-06-03 17:05:00,5334.416666666667,4780.309663391113,-554.1070032755542,0.0,300
206,206,2023-06-03 17:10:00,4759.416666666667,4815.296336364746,-244.12033030192106,55.87966969807894,300
207,207,2023-06-03 17:15:00,4199.316666666667,4980.467009480793,537.1503428141268,244.0,244
208,208,2023-06-03 17:20:00,3654.3166666666666,4702.158339436849,1047.8416727701824,0.0,0
209,209,2023-06-03 17:25:00,3109.3166666666666,5131.450663248696,2022.1339965820298,0.0,0
210,210,2023-06-03 17:30:00,2753.05,5368.061993408203,2615.011993408203,0.0,0
211,211,2023-06-03 17:35:00,2588.05,4657.0226506551135,2068.9726506551133,0.0,0
212,212,2023-06-03 17:40:00,2423.05,4677.083672332764,2254.0336723327637,0.0,0
213,213,2023-06-03 17:45:00,2270.4666666666667,4930.154332478841,2659.687665812174,0.0,0
214,214,2023-06-03 17:50:00,2130.4666666666667,4835.312005869546,2704.845339202879,0.0,0
215,215,2023-06-03 17:55:00,1990.4666666666667,4854.604338328044,2864.137671661377,0.0,0
216,216,2023-06-03 18:00:00,1855.4333333333332,4957.551986440021,3102.118653106688,0.0,0
217,217,2023-06-03 18:05:00,1725.4333333333334,5100.214332580565,3374.780999247231,0.0,0
218,218,2023-06-03 18:10:00,1595.4333333333334,5114.261663564046,3518.8283302307127,0.0,0
219,219,2023-06-03 18:15:00,1455.5,4965.291668955492,3509.7916689554922,0.0,0
220,220,2023-06-03 18:20:00,1305.5,4931.94966100057,3626.44966100057,0.0,0
221,221,2023-06-03 18:25:00,1155.5,4812.650329589841,3657.150329589841,0.0,0
222,222,2023-06-03 18:30:00,1022.8833333333332,4938.353000895179,3915.469667561846,0.0,0
223,223,2023-06-03 18:35:00,907.8833333333332,5057.324011230469,4149.440677897136,0.0,0
224,224,2023-06-03 18:40:00,792.8833333333333,7092.381336975095,6299.498003641762,0.0,0
225,225,2023-06-03 18:45:00,670.4333333333333,7676.434679412851,7006.001346079518,0.0,0
226,226,2023-06-03 18:50:00,540.4333333333333,7501.640683746334,6961.207350413,0.0,0
227,227,2023-06-03 18:55:00,410.4333333333333,7685.170673878979,7274.737340545646,0.0,0
228,228,2023-06-03 19:00:00,307.75,7359.234344482425,7051.484344482425,0.0,0
229,229,2023-06-03 19:05:00,232.75,6279.787013753254,6047.037013753254,0.0,0
230,230,2023-06-03 19:10:00,157.75,5158.688349405926,5000.938349405926,0.0,0
231,231,2023-06-03 19:15:00,100.13333333333334,5096.727681986491,4996.594348653158,0.0,0
232,232,2023-06-03 19:20:00,60.13333333333333,5622.388653818766,5562.255320485433,0.0,0
233,233,2023-06-03 19:25:00,20.133333333333333,5811.572675832111,5791.4393424987775,0.0,0
234,234,2023-06-03 19:30:00,0.0,5282.354331207277,5282.354331207277,0.0,0
235,235,2023-06-03 19:35:00,0.0,6857.793650817876,6857.793650817876,0.0,0
236,236,2023-06-03 19:40:00,0.0,5171.162335968015,5171.162335968015,0.0,0
237,237,2023-06-03 19:45:00,0.0,5246.254670206704,5246.254670206704,0.0,0
238,238,2023-06-03 19:50:00,0.0,4909.161340332031,4909.161340332031,0.0,0
239,239,2023-06-03 19:55:00,0.0,4931.964328002931,4931.964328002931,0.0,0
240,240,2023-06-03 20:00:00,0.0,5006.826985931397,5006.826985931397,0.0,0
241,241,2023-06-03 20:05:00,0.0,4958.048993174235,4958.048993174235,0.0,0
242,242,2023-06-03 20:10:00,0.0,4722.299999237063,4722.299999237063,0.0,0
243,243,2023-06-03 20:15:00,0.0,4556.068996175129,4556.068996175129,0.0,0
244,244,2023-06-03 20:20:00,0.0,4730.760335032148,4730.760335032148,0.0,0
245,245,2023-06-03 20:25:00,0.0,4794.28433227539,4794.28433227539,0.0,0
246,246,2023-06-03 20:30:00,0.0,4791.675349680581,4791.675349680581,0.0,0
247,247,2023-06-03 20:35:00,0.0,4644.81866607666,4644.81866607666,0.0,0
248,248,2023-06-03 20:40:00,0.0,4608.20399424235,4608.20399424235,0.0,0
249,249,2023-06-03 20:45:00,0.0,4405.348334757487,4405.348334757487,0.0,0
250,250,2023-06-03 20:50:00,0.0,4338.567328135172,4338.567328135172,0.0,0
251,251,2023-06-03 20:55:00,0.0,4305.680341339112,4305.680341339112,0.0,0
252,252,2023-06-03 21:00:00,0.0,4361.542997487389,4361.542997487389,0.0,0
253,253,2023-06-03 21:05:00,0.0,4446.603341674807,4446.603341674807,0.0,0
254,254,2023-06-03 21:10:00,0.0,4430.306661987307,4430.306661987307,0.0,0
255,255,2023-06-03 21:15:00,0.0,4299.016672261551,4299.016672261551,0.0,0
256,256,2023-06-03 21:20:00,0.0,4308.838669586182,4308.838669586182,0.0,0
257,257,2023-06-03 21:25:00,0.0,4317.789989980062,4317.789989980062,0.0,0
258,258,2023-06-03 21:30:00,0.0,4160.240686543781,4160.240686543781,0.0,0
259,259,2023-06-03 21:35:00,0.0,4268.645340220132,4268.645340220132,0.0,0
260,260,2023-06-03 21:40:00,0.0,4265.947996266686,4265.947996266686,0.0,0
261,261,2023-06-03 21:45:00,0.0,4373.854993693033,4373.854993693033,0.0,0
262,262,2023-06-03 21:50:00,0.0,4258.595334625243,4258.595334625243,0.0,0
263,263,2023-06-03 21:55:00,0.0,4356.807658894855,4356.807658894855,0.0,0
264,264,2023-06-03 22:00:00,0.0,4067.4809926350895,4067.4809926350895,0.0,0
265,265,2023-06-03 22:05:00,0.0,3985.275661214189,3985.275661214189,0.0,0
266,266,2023-06-03 22:10:00,0.0,4020.514665222168,4020.514665222168,0.0,0
267,267,2023-06-03 22:15:00,0.0,4001.459663645426,4001.459663645426,0.0,0
268,268,2023-06-03 22:20:00,0.0,3917.0110010782896,3917.0110010782896,0.0,0
269,269,2023-06-03 22:25:00,0.0,3921.3183347066215,3921.3183347066215,0.0,0
270,270,2023-06-03 22:30:00,0.0,3684.912669118245,3684.912669118245,0.0,0
271,271,2023-06-03 22:35:00,0.0,3567.892664591472,3567.892664591472,0.0,0
272,272,2023-06-03 22:40:00,0.0,3493.7050015767427,3493.7050015767427,0.0,0
273,273,2023-06-03 22:45:00,0.0,3534.5270083109526,3534.5270083109526,0.0,0
274,274,2023-06-03 22:50:00,0.0,3728.791329956056,3728.791329956056,0.0,0
275,275,2023-06-03 22:55:00,0.0,3813.2540064493783,3813.2540064493783,0.0,0
276,276,2023-06-03 23:00:00,0.0,3486.7993362426737,3486.7993362426737,0.0,0
277,277,2023-06-03 23:05:00,0.0,3344.049995422364,3344.049995422364,0.0,0
278,278,2023-06-03 23:10:00,0.0,3430.039000447592,3430.039000447592,0.0,0
279,279,2023-06-03 23:15:00,0.0,3243.398998769125,3243.398998769125,0.0,0
280,280,2023-06-03 23:20:00,0.0,3277.880331675208,3277.880331675208,0.0,0
281,281,2023-06-03 23:25:00,0.0,3482.004667917888,3482.004667917888,0.0,0
282,282,2023-06-03 23:30:00,0.0,3458.3519971211745,3458.3519971211745,0.0,0
283,283,2023-06-03 23:35:00,0.0,3349.4876736958827,3349.4876736958827,0.0,0
284,284,2023-06-03 23:40:00,0.0,3310.524329121908,3310.524329121908,0.0,0
285,285,2023-06-03 23:45:00,0.0,3240.6763384501123,3240.6763384501123,0.0,0
286,286,2023-06-03 23:50:00,0.0,3391.970665486652,3391.970665486652,0.0,0
287,287,2023-06-03 23:55:00,0.0,3448.6289988199883,3448.6289988199883,0.0,0
288,288,2023-06-04 00:00:00,0.0,3384.681997680664,3384.681997680664,0.0,0
289,289,2023-06-04 00:05:00,0.0,3357.3180056254077,3357.3180056254077,0.0,0
290,290,2023-06-04 00:10:00,0.0,3512.269007873537,3512.269007873537,0.0,0
291,291,2023-06-04 00:15:00,0.0,3242.809338633216,3242.809338633216,0.0,0
292,292,2023-06-04 00:20:00,0.0,3009.920329030357,3009.920329030357,0.0,0
293,293,2023-06-04 00:25:00,0.0,3082.619335174562,3082.619335174562,0.0,0
294,294,2023-06-04 00:30:00,0.0,3181.365997314453,3181.365997314453,0.0,0
295,295,2023-06-04 00:35:00,0.0,3064.193665822348,3064.193665822348,0.0,0
296,296,2023-06-04 00:40:00,0.0,3111.453333282467,3111.453333282467,0.0,0
297,297,2023-06-04 00:45:00,0.0,3202.8706687927274,3202.8706687927274,0.0,0
298,298,2023-06-04 00:50:00,0.0,3149.8550010681165,3149.8550010681165,0.0,0
299,299,2023-06-04 00:55:00,0.0,3138.6853302001923,3138.6853302001923,0.0,0
300,300,2023-06-04 01:00:00,0.0,3079.5823384602863,3079.5823384602863,0.0,0
301,301,2023-06-04 01:05:00,0.0,3177.9823410034182,3177.9823410034182,0.0,0
302,302,2023-06-04 01:10:00,0.0,3386.9556640625,3386.9556640625,0.0,0
303,303,2023-06-04 01:15:00,0.0,3356.7756627400718,3356.7756627400718,0.0,0
304,304,2023-06-04 01:20:00,0.0,3321.951995595296,3321.951995595296,0.0,0
305,305,2023-06-04 01:25:00,0.0,3249.0766667683897,3249.0766667683897,0.0,0
306,306,2023-06-04 01:30:00,0.0,3189.276001739502,3189.276001739502,0.0,0
307,307,2023-06-04 01:35:00,0.0,3424.9949933369976,3424.9949933369976,0.0,0
308,308,2023-06-04 01:40:00,0.0,3406.1663393656395,3406.1663393656395,0.0,0
309,309,2023-06-04 01:45:00,0.0,3286.622336324057,3286.622336324057,0.0,0
310,310,2023-06-04 01:50:00,0.0,3227.6099960327138,3227.6099960327138,0.0,0
311,311,2023-06-04 01:55:00,0.0,3265.4506581624373,3265.4506581624373,0.0,0
312,312,2023-06-04 02:00:00,0.0,3127.9776674906416,3127.9776674906416,0.0,0
313,313,2023-06-04 02:05:00,0.0,3014.3793360392283,3014.3793360392283,0.0,0
314,314,2023-06-04 02:10:00,0.0,2959.6003412882487,2959.6003412882487,0.0,0
315,315,2023-06-04 02:15:00,0.0,3001.0093317667643,3001.0093317667643,0.0,0
316,316,2023-06-04 02:20:00,0.0,2879.134329986572,2879.134329986572,0.0,0
317,317,2023-06-04 02:25:00,0.0,3079.0820048014325,3079.0820048014325,0.0,0
318,318,2023-06-04 02:30:00,0.0,3062.443996175131,3062.443996175131,0.0,0
319,319,2023-06-04 02:35:00,0.0,2970.3143231709787,2970.3143231709787,0.0,0
320,320,2023-06-04 02:40:00,0.0,3052.9756718953454,3052.9756718953454,0.0,0
321,321,2023-06-04 02:45:00,0.0,3232.846334838867,3232.846334838867,0.0,0
322,322,2023-06-04 02:50:00,0.0,3143.730664571125,3143.730664571125,0.0,0
323,323,2023-06-04 02:55:00,0.0,3407.05832901001,3407.05832901001,0.0,0
324,324,2023-06-04 03:00:00,0.0,3810.690666707356,3810.690666707356,0.0,0
325,325,2023-06-04 03:05:00,0.0,3722.880321248378,3722.880321248378,0.0,0
326,326,2023-06-04 03:10:00,0.0,3269.8480049133327,3269.8480049133327,0.0,0
327,327,2023-06-04 03:15:00,7.45,3221.0393310546874,3213.5893310546876,0.0,0
328,328,2023-06-04 03:20:00,22.45,3334.087671915688,3311.6376719156883,0.0,0
329,329,2023-06-04 03:25:00,37.45,3327.7616676330563,3290.3116676330565,0.0,0
330,330,2023-06-04 03:30:00,119.5,3235.4113316853845,3115.9113316853845,0.0,0
331,331,2023-06-04 03:35:00,269.5,3172.6579991658505,2903.1579991658505,0.0,0
332,332,2023-06-04 03:40:00,419.5,3078.113000488286,2658.613000488286,0.0,0
333,333,2023-06-04 03:45:00,845.15,3159.9820050557432,2314.832005055743,0.0,0
334,334,2023-06-04 03:50:00,1550.15,3020.145007832848,1469.995007832848,0.0,0
335,335,2023-06-04 03:55:00,2255.15,3226.8533302307137,971.7033302307136,0.0,0
336,336,2023-06-04 04:00:00,3042.1,3300.15832951864,258.0583295186402,0.0,0
337,337,2023-06-04 04:05:00,3912.1,3600.039664459231,-12.060335540768847,-300.0,0
338,338,2023-06-04 04:10:00,4782.1,3300.5879943847626,-1481.5120056152377,0.0,300
339,339,2023-06-04 04:15:00,5629.75,4350.090345001215,-1279.6596549987853,0.0,300
340,340,2023-06-04 04:20:00,6454.75,3732.715327453607,-2722.034672546393,0.0,300
341,341,2023-06-04 04:25:00,7279.75,3559.66333084106,-3720.08666915894,0.0,300
342,342,2023-06-04 04:30:00,7943.333333333333,3929.3603446960487,-4013.9729886372843,0.0,300
343,343,2023-06-04 04:35:00,8443.333333333334,4143.05732192994,-4300.276011403394,0.0,300
344,344,2023-06-04 04:40:00,8943.333333333334,3537.5140040079714,-5405.819329325363,0.0,300
345,345,2023-06-04 04:45:00,9468.166666666666,3498.1279983520503,-5970.038668314615,0.0,300
346,346,2023-06-04 04:50:00,10018.166666666666,3838.7896723429394,-6179.376994323727,0.0,300
347,347,2023-06-04 04:55:00,10568.166666666666,4227.080671946212,-6341.085994720454,0.0,300
348,348,2023-06-04 05:00:00,11105.75,3769.996002197267,-7335.753997802733,0.0,300
349,349,2023-06-04 05:05:00,11630.75,3686.329674530025,-7944.420325469975,0.0,300
350,350,2023-06-04 05:10:00,12155.75,4030.069671122234,-8125.680328877766,0.0,300
351,351,2023-06-04 05:15:00,12655.916666666666,3872.599334971112,-8783.317331695554,0.0,300
352,352,2023-06-04 05:20:00,13130.916666666666,3472.2329986572267,-9658.683668009438,0.0,300
353,353,2023-06-04 05:25:00,13605.916666666666,3326.085667165121,-10279.830999501544,0.0,300
354,354,2023-06-04 05:30:00,14063.533333333333,3172.504997507728,-10891.028335825606,0.0,300
355,355,2023-06-04 05:35:00,14503.533333333333,4029.732997894293,-10473.80033543904,0.0,300
356,356,2023-06-04 05:40:00,14943.533333333333,3541.8766662597686,-11401.656667073565,0.0,300
357,357,2023-06-04 05:45:00,15371.116666666669,4182.642668914793,-11188.473997751877,0.0,300
358,358,2023-06-04 05:50:00,15786.116666666669,3954.623334248865,-11831.493332417804,0.0,300
359,359,2023-06-04 05:55:00,16201.116666666669,3211.931001281739,-12989.18566538493,0.0,300
360,360,2023-06-04 06:00:00,16648.4,3148.8953407287604,-13499.50465927124,0.0,300
361,361,2023-06-04 06:05:00,17128.4,3283.707335408527,-13844.692664591475,0.0,300
362,362,2023-06-04 06:10:00,17608.4,4102.12336908976,-13506.27663091024,0.0,300
363,363,2023-06-04 06:15:00,18110.75,5093.444992319741,-13017.30500768026,0.0,300
364,364,2023-06-04 06:20:00,18635.75,5230.662673187255,-13405.087326812745,0.0,300
365,365,2023-06-04 06:25:00,19160.75,3082.857000223796,-16077.892999776204,0.0,300
366,366,2023-06-04 06:30:00,19725.483333333334,4497.760991160074,-15227.72234217326,0.0,300
367,367,2023-06-04 06:35:00,20330.483333333334,4452.223350016277,-15878.259983317057,0.0,300
368,368,2023-06-04 06:40:00,20935.483333333334,4677.168999735512,-16258.31433359782,0.0,300
369,369,2023-06-04 06:45:00,21562.83333333333,3759.366990915927,-17803.4663424174,0.0,300
370,370,2023-06-04 06:50:00,22212.83333333333,3190.0540033976267,-19022.7793299357,0.0,300
371,371,2023-06-04 06:55:00,22862.83333333333,4629.34000269573,-18233.493330637597,0.0,300
372,372,2023-06-04 07:00:00,23574.916666666668,3907.2260075887066,-19667.69065907796,0.0,300
373,373,2023-06-04 07:05:00,24349.916666666668,4198.256324513747,-20151.66034215292,0.0,300
374,374,2023-06-04 07:10:00,25124.916666666668,4234.57334823608,-20890.343318430587,0.0,300
375,375,2023-06-04 07:15:00,25822.93333333333,6424.606686401365,-19398.326646931964,0.0,300
376,376,2023-06-04 07:20:00,26442.93333333333,5732.413008626302,-20710.520324707028,0.0,300
377,377,2023-06-04 07:25:00,27062.93333333333,6443.621676381427,-20619.311656951904,0.0,300
378,378,2023-06-04 07:30:00,27687.9,4067.8576718648296,-23620.042328135172,0.0,300
379,379,2023-06-04 07:35:00,28317.9,3511.3879981994623,-24806.51200180054,0.0,300
380,380,2023-06-04 07:40:00,28947.9,3696.020338694252,-25251.87966130575,0.0,300
381,381,2023-06-04 07:45:00,29553.066666666666,3793.6660069783534,-25759.400659688312,0.0,300
382,382,2023-06-04 07:50:00,30133.066666666666,3669.0853271484384,-26463.98133951823,0.0,300
383,383,2023-06-04 07:55:00,30713.066666666666,3804.290330759685,-26908.77633590698,0.0,300
384,384,2023-06-04 08:00:00,31263.266666666663,4351.8663307189945,-26911.40033594767,0.0,300
385,385,2023-06-04 08:05:00,31783.266666666663,7014.69333394369,-24768.573332722972,0.0,300
386,386,2023-06-04 08:10:00,32303.266666666663,6757.238341522224,-25546.028325144438,0.0,300
387,387,2023-06-04 08:15:00,32813.333333333336,5071.495992024746,-27741.83734130859,0.0,300
388,388,2023-06-04 08:20:00,33313.333333333336,4246.600990804033,-29066.732342529303,0.0,300
389,389,2023-06-04 08:25:00,33813.333333333336,3629.877661895752,-30183.455671437583,0.0,300
390,390,2023-06-04 08:30:00,34276.083333333336,3631.517995961506,-30644.56533737183,0.0,300
391,391,2023-06-04 08:35:00,34701.083333333336,3432.9076700846326,-31268.1756632487,0.0,300
392,392,2023-06-04 08:40:00,35126.083333333336,3303.333993784588,-31822.749339548747,0.0,300
393,393,2023-06-04 08:45:00,35556.05,3452.8933344523143,-32103.15666554769,0.0,300
394,394,2023-06-04 08:50:00,35991.05,3801.335995992029,-32189.714004007976,0.0,300
395,395,2023-06-04 08:55:00,36426.05,3489.866328430176,-32936.18367156983,0.0,300
396,396,2023-06-04 09:00:00,36813.86666666667,3710.866667175295,-33102.999999491374,0.0,300
397,397,2023-06-04 09:05:00,37153.86666666667,3207.8913312276204,-33945.97533543905,0.0,300
398,398,2023-06-04 09:10:00,37493.86666666667,3143.571664174402,-34350.29500249227,0.0,300
399,399,2023-06-04 09:15:00,37846.28333333333,3075.2283393859857,-34771.05499394735,0.0,300
400,400,2023-06-04 09:20:00,38211.28333333333,3117.286003621421,-35093.997329711914,0.0,300
401,401,2023-06-04 09:25:00,38576.28333333333,3136.8480066935235,-35439.43532663981,0.0,300
402,402,2023-06-04 09:30:00,38894.1,3255.555333709717,-35638.54466629028,0.0,300
403,403,2023-06-04 09:35:00,39164.1,3390.2369834899937,-35773.863016510004,0.0,300
404,404,2023-06-04 09:40:00,39434.1,3694.584671529132,-35739.515328470865,0.0,300
405,405,2023-06-04 09:45:00,39706.583333333336,3636.872327168781,-36069.71100616456,0.0,300
406,406,2023-06-04 09:50:00,39981.583333333336,3645.912336222333,-36335.670997111,0.0,300
407,407,2023-06-04 09:55:00,40256.583333333336,3606.4996699015296,-36650.083663431804,0.0,300
408,408,2023-06-04 10:00:00,40491.85,3585.4633366902654,-36906.386663309735,0.0,300
409,409,2023-06-04 10:05:00,40686.85,4097.035667928066,-36589.81433207193,0.0,300
410,410,2023-06-04 10:10:00,40881.85,5317.72599741618,-35564.12400258382,0.0,300
411,411,2023-06-04 10:15:00,41094.23333333333,8137.261995951333,-32956.971337382,0.0,300
412,412,2023-06-04 10:20:00,41324.23333333333,6017.141321309412,-35307.09201202392,0.0,300
413,413,2023-06-04 10:25:00,41554.23333333333,5937.261011759436,-35616.97232157389,0.0,300
414,414,2023-06-04 10:30:00,41684.9,6506.1243367513,-35178.7756632487,0.0,300
415,415,2023-06-04 10:35:00,41714.9,5495.329985046391,-36219.57001495361,0.0,300
416,416,2023-06-04 10:40:00,41744.9,6502.4893163045335,-35242.41068369547,0.0,300
417,417,2023-06-04 10:45:00,41675.566666666666,4092.38366394043,-37583.18300272623,0.0,300
418,418,2023-06-04 10:50:00,41505.566666666666,3776.694659423829,-37728.87200724284,0.0,300
419,419,2023-06-04 10:55:00,41335.566666666666,3736.702668762207,-37598.86399790446,0.0,300
420,420,2023-06-04 11:00:00,39720.26666666667,3808.8926706949865,-35911.373995971684,0.0,300
421,421,2023-06-04 11:05:00,36640.26666666667,4112.79833780924,-32527.46832885743,0.0,300
422,422,2023-06-04 11:10:00,33560.26666666667,4948.63568318685,-28611.63098347982,0.0,300
423,423,2023-06-04 11:15:00,31371.783333333333,5949.717329406737,-25422.066003926597,0.0,300
424,424,2023-06-04 11:20:00,30086.783333333333,4474.178310648598,-25612.605022684736,0.0,300
425,425,2023-06-04 11:25:00,28801.783333333333,4762.471642812097,-24039.311690521237,0.0,300
426,426,2023-06-04 11:30:00,28172.38333333333,4732.298016866052,-23440.08531646728,0.0,300
427,427,2023-06-04 11:35:00,28207.38333333333,4388.907988230392,-23818.47534510294,0.0,300
428,428,2023-06-04 11:40:00,28242.38333333333,4347.374325561514,-23895.00900777182,0.0,300
429,429,2023-06-04 11:45:00,30480.1,3982.495338185629,-26497.60466181437,0.0,300
430,430,2023-06-04 11:50:00,34950.1,3872.1376647949214,-31077.962335205077,0.0,300
431,431,2023-06-04 11:55:00,39420.1,4470.460000610351,-34949.63999938965,0.0,300
432,432,2023-06-04 12:00:00,39708.16666666666,4998.285341389977,-34709.88132527668,0.0,300
433,433,2023-06-04 12:05:00,35758.166666666664,5004.861001586909,-30753.305665079755,0.0,300
434,434,2023-06-04 12:10:00,31808.166666666668,4746.480334981287,-27061.68633168538,0.0,300
435,435,2023-06-04 12:15:00,32032.65,7173.886326599121,-24858.76367340088,0.0,300
436,436,2023-06-04 12:20:00,36487.65,5865.454678853352,-30622.19532114665,0.0,300
437,437,2023-06-04 12:25:00,40942.65,4673.603672281902,-36269.0463277181,0.0,300
438,438,2023-06-04 12:30:00,41816.68333333333,4524.319671122229,-37292.3636622111,0.0,300
439,439,2023-06-04 12:35:00,39061.68333333333,5340.1023498535205,-33721.580983479806,0.0,300
440,440,2023-06-04 12:40:00,36306.68333333333,5772.238670349124,-30534.444662984202,0.0,300
441,441,2023-06-04 12:45:00,34602.13333333333,5685.493325805665,-28916.640007527665,0.0,300
442,442,2023-06-04 12:50:00,33962.13333333333,6937.719352213553,-27024.41398111978,0.0,300
443,443,2023-06-04 12:55:00,33322.13333333333,5376.344663492838,-27945.788669840495,0.0,300
444,444,2023-06-04 13:00:00,33546.333333333336,8104.750986735035,-25441.5823465983,0.0,300
445,445,2023-06-04 13:05:00,34646.333333333336,8336.017006429047,-26310.31632690429,0.0,300
446,446,2023-06-04 13:10:00,35746.333333333336,8038.294020589194,-27708.039312744142,0.0,300
447,447,2023-06-04 13:15:00,36039.25,6181.41233520508,-29857.83766479492,0.0,300
448,448,2023-06-04 13:20:00,35514.25,8724.260322062177,-26789.989677937825,0.0,300
449,449,2023-06-04 13:25:00,34989.25,7268.713665771491,-27720.53633422851,0.0,300
450,450,2023-06-04 13:30:00,34978.3,6409.262668355308,-28569.037331644693,0.0,300
451,451,2023-06-04 13:35:00,35488.3,4612.874675496418,-30875.425324503587,0.0,300
452,452,2023-06-04 13:40:00,35998.3,6368.652339172366,-29629.647660827635,0.0,300
453,453,2023-06-04 13:45:00,36331.98333333333,4788.710326385498,-31543.27300694783,0.0,300
454,454,2023-06-04 13:50:00,36486.98333333333,6258.424334716797,-30228.558998616532,0.0,300
455,455,2023-06-04 13:55:00,36641.98333333333,5283.437997182196,-31358.54533615113,0.0,300
456,456,2023-06-04 14:00:00,33690.333333333336,5831.922336324051,-27858.410997009283,0.0,300
457,457,2023-06-04 14:05:00,27590.33333333333,4599.559003194174,-22990.774330139153,0.0,300
458,458,2023-06-04 14:10:00,21490.33333333333,5181.026012674977,-16309.30732065835,0.0,300
459,459,2023-06-04 14:15:00,18092.2,5445.302318318688,-12646.897681681312,0.0,300
460,460,2023-06-04 14:20:00,17432.2,4555.521674092613,-12876.678325907389,0.0,300
461,461,2023-06-04 14:25:00,16772.2,4374.351000976562,-12397.848999023438,0.0,300
462,462,2023-06-04 14:30:00,18963.066666666666,5367.727998860666,-13595.338667806,0.0,300
463,463,2023-06-04 14:35:00,24043.066666666666,5381.822999064131,-18661.243667602535,0.0,300
464,464,2023-06-04 14:40:00,29123.066666666666,5054.548999023431,-24068.517667643235,0.0,300
465,465,2023-06-04 14:45:00,31535.966666666667,5426.697661336259,-26109.269005330407,0.0,300
466,466,2023-06-04 14:50:00,31245.966666666667,5439.012995402022,-25806.953671264644,0.0,300
467,467,2023-06-04 14:55:00,30955.966666666667,5414.236333719875,-25541.73033294679,0.0,300
468,468,2023-06-04 15:00:00,30318.3,6402.5370028178,-23915.7629971822,0.0,300
469,469,2023-06-04 15:05:00,29328.3,5836.636987559007,-23491.663012440993,0.0,300
470,470,2023-06-04 15:10:00,28338.3,6762.603028106684,-21575.696971893314,0.0,300
471,471,2023-06-04 15:15:00,27601.6,6622.594663492845,-20979.005336507154,0.0,300
472,472,2023-06-04 15:20:00,27121.6,7162.432985941583,-19959.167014058417,0.0,300
473,473,2023-06-04 15:25:00,26641.6,7765.9833618164175,-18875.61663818358,0.0,300
474,474,2023-06-04 15:30:00,25868.566666666666,7209.615356953937,-18658.951309712727,0.0,300
475,475,2023-06-04 15:35:00,24798.566666666666,7099.386046346029,-17699.180620320636,0.0,300
476,476,2023-06-04 15:40:00,23728.566666666666,5577.13332672119,-18151.433339945477,0.0,300
477,477,2023-06-04 15:45:00,22976.43333333333,5682.923679351815,-17293.509653981517,0.0,300
478,478,2023-06-04 15:50:00,22546.43333333333,6975.89335072836,-15570.53998260497,0.0,300
479,479,2023-06-04 15:55:00,22116.43333333333,7346.664670562742,-14769.768662770588,0.0,300
480,480,2023-06-04 16:00:00,21557.3,7928.09265823364,-13629.20734176636,0.0,300
481,481,2023-06-04 16:05:00,20867.3,8637.02403564453,-12230.27596435547,0.0,300
482,482,2023-06-04 16:10:00,20177.3,7828.515319569893,-12348.784680430106,0.0,300
483,483,2023-06-04 16:15:00,19353.2,7674.780641682944,-11678.419358317056,0.0,300
484,484,2023-06-04 16:20:00,18393.2,5364.720349375416,-13028.479650624584,0.0,300
485,485,2023-06-04 16:25:00,17433.2,4679.322325134273,-12753.877674865727,0.0,300
486,486,2023-06-04 16:30:00,15320.933333333332,4501.761997477215,-10819.171335856117,0.0,300
487,487,2023-06-04 16:35:00,12040.933333333332,5080.3686640421565,-6960.564669291176,0.0,300
488,488,2023-06-04 16:40:00,8760.933333333332,6454.267319234208,-2306.6660140991244,0.0,300
489,489,2023-06-04 16:45:00,6727.566666666667,6821.878680419921,-205.68798624674582,94.31201375325418,300
490,490,2023-06-04 16:50:00,5957.566666666667,9296.35835113526,3133.791684468594,205.0,205
491,491,2023-06-04 16:55:00,5187.566666666667,8840.806657409661,3653.2399907429945,0.0,0
492,492,2023-06-04 17:00:00,4675.833333333333,7451.449989318845,2775.616655985512,0.0,0
493,493,2023-06-04 17:05:00,4425.833333333333,7525.051989746095,3099.2186564127624,0.0,0
494,494,2023-06-04 17:10:00,4175.833333333333,6133.027678426108,1957.1943450927747,0.0,0
495,495,2023-06-04 17:15:00,3878.65,4952.4379956563325,1073.7879956563324,0.0,0
496,496,2023-06-04 17:20:00,3533.65,7283.44599634807,3749.7959963480703,0.0,0
497,497,2023-06-04 17:25:00,3188.65,7154.46400705974,3965.8140070597397,0.0,0
498,498,2023-06-04 17:30:00,3079.5666666666666,5345.265995279949,2265.699328613282,0.0,0
499,499,2023-06-04 17:35:00,3209.5666666666666,4798.643662516276,1589.0769958496094,0.0,0
500,500,2023-06-04 17:40:00,3339.5666666666666,5610.60999603272,2271.0433293660535,0.0,0
501,501,2023-06-04 17:45:00,3385.133333333333,4567.323992919924,1182.1906595865912,0.0,0
502,502,2023-06-04 17:50:00,3345.133333333333,4617.262661743165,1272.129328409832,0.0,0
503,503,2023-06-04 17:55:00,3305.133333333333,4569.730339558921,1264.5970062255874,0.0,0
504,504,2023-06-04 18:00:00,3138.483333333333,4619.748994700117,1481.2656613667837,0.0,0
505,505,2023-06-04 18:05:00,2843.483333333333,4741.951330057782,1898.4679967244488,0.0,0
506,506,2023-06-04 18:10:00,2548.483333333333,4718.500327046711,2170.0169937133783,0.0,0
507,507,2023-06-04 18:15:00,2355.3,4683.09066619873,2327.79066619873,0.0,0
508,508,2023-06-04 18:20:00,2265.3,4655.050653076172,2389.750653076172,0.0,0
509,509,2023-06-04 18:25:00,2175.3,4536.113671366375,2360.8136713663744,0.0,0
510,510,2023-06-04 18:30:00,2080.333333333333,4596.825656127929,2516.4923227945956,0.0,0
511,511,2023-06-04 18:35:00,1980.3333333333333,5350.029333496099,3369.696000162766,0.0,0
512,512,2023-06-04 18:40:00,1880.3333333333333,5371.151339721675,3490.818006388342,0.0,0
513,513,2023-06-04 18:45:00,1646.2333333333331,5531.793004862471,3885.559671529138,0.0,0
514,514,2023-06-04 18:50:00,1276.2333333333331,5418.220340728753,4141.987007395421,0.0,0
515,515,2023-06-04 18:55:00,906.2333333333332,5573.376996866862,4667.1436635335285,0.0,0
516,516,2023-06-04 19:00:00,628.1166666666667,5502.434997812908,4874.318331146241,0.0,0
517,517,2023-06-04 19:05:00,443.1166666666667,5263.153338877361,4820.036672210695,0.0,0
518,518,2023-06-04 19:10:00,258.1166666666667,5279.9880009969065,5021.87133433024,0.0,0
519,519,2023-06-04 19:15:00,137.68333333333334,5406.6523340861,5268.969000752767,0.0,0
520,520,2023-06-04 19:20:00,82.68333333333334,5188.453677113848,5105.770343780515,0.0,0
521,521,2023-06-04 19:25:00,27.683333333333334,5246.429674784346,5218.746341451013,0.0,0
522,522,2023-06-04 19:30:00,0.0,5150.434002176917,5150.434002176917,0.0,0
523,523,2023-06-04 19:35:00,0.0,5210.653987121584,5210.653987121584,0.0,0
524,524,2023-06-04 19:40:00,0.0,5143.660987345379,5143.660987345379,0.0,0
525,525,2023-06-04 19:45:00,0.0,5966.891987609864,5966.891987609864,0.0,0
526,526,2023-06-04 19:50:00,0.0,5828.212657419836,5828.212657419836,0.0,0
527,527,2023-06-04 19:55:00,0.0,5916.614689127609,5916.614689127609,0.0,0
528,528,2023-06-04 20:00:00,0.0,4808.440327707925,4808.440327707925,0.0,0
529,529,2023-06-04 20:05:00,0.0,4978.48932800293,4978.48932800293,0.0,0
530,530,2023-06-04 20:10:00,0.0,4836.306340789797,4836.306340789797,0.0,0
531,531,2023-06-04 20:15:00,0.0,4710.452337646483,4710.452337646483,0.0,0
532,532,2023-06-04 20:20:00,0.0,4700.379342142743,4700.379342142743,0.0,0
533,533,2023-06-04 20:25:00,0.0,4660.53398691813,4660.53398691813,0.0,0
534,534,2023-06-04 20:30:00,0.0,5268.987000528975,5268.987000528975,0.0,0
535,535,2023-06-04 20:35:00,0.0,5626.400645701087,5626.400645701087,0.0,0
536,536,2023-06-04 20:40:00,0.0,5027.796334075929,5027.796334075929,0.0,0
537,537,2023-06-04 20:45:00,0.0,5325.815676116943,5325.815676116943,0.0,0
538,538,2023-06-04 20:50:00,0.0,4583.381991577147,4583.381991577147,0.0,0
539,539,2023-06-04 20:55:00,0.0,4717.548337809242,4717.548337809242,0.0,0
540,540,2023-06-04 21:00:00,0.0,4728.098674011228,4728.098674011228,0.0,0
541,541,2023-06-04 21:05:00,0.0,5072.286008199053,5072.286008199053,0.0,0
542,542,2023-06-04 21:10:00,0.0,5055.130664571118,5055.130664571118,0.0,0
543,543,2023-06-04 21:15:00,0.0,4676.188996378582,4676.188996378582,0.0,0
544,544,2023-06-04 21:20:00,0.0,4669.19134368896,4669.19134368896,0.0,0
545,545,2023-06-04 21:25:00,0.0,4332.354991149904,4332.354991149904,0.0,0
546,546,2023-06-04 21:30:00,0.0,4250.240998077395,4250.240998077395,0.0,0
547,547,2023-06-04 21:35:00,0.0,4209.111343638102,4209.111343638102,0.0,0
548,548,2023-06-04 21:40:00,0.0,4148.914677174885,4148.914677174885,0.0,0
549,549,2023-06-04 21:45:00,0.0,4026.3799990336097,4026.3799990336097,0.0,0
550,550,2023-06-04 21:50:00,0.0,4003.205004628499,4003.205004628499,0.0,0
551,551,2023-06-04 21:55:00,0.0,3915.1976778666167,3915.1976778666167,0.0,0
552,552,2023-06-04 22:00:00,0.0,3881.9973332723007,3881.9973332723007,0.0,0
553,553,2023-06-04 22:05:00,0.0,3873.376998901367,3873.376998901367,0.0,0
554,554,2023-06-04 22:10:00,0.0,3879.127677663169,3879.127677663169,0.0,0
555,555,2023-06-04 22:15:00,0.0,3878.636666870116,3878.636666870116,0.0,0
556,556,2023-06-04 22:20:00,0.0,3974.69533030192,3974.69533030192,0.0,0
557,557,2023-06-04 22:25:00,0.0,4003.1026677449527,4003.1026677449527,0.0,0
558,558,2023-06-04 22:30:00,0.0,3973.4353312174494,3973.4353312174494,0.0,0
559,559,2023-06-04 22:35:00,0.0,4151.475662740068,4151.475662740068,0.0,0
560,560,2023-06-04 22:40:00,0.0,4464.501343790699,4464.501343790699,0.0,0
561,561,2023-06-04 22:45:00,0.0,4407.525996398929,4407.525996398929,0.0,0
562,562,2023-06-04 22:50:00,0.0,6594.571668752034,6594.571668752034,0.0,0
563,563,2023-06-04 22:55:00,0.0,6226.546317036949,6226.546317036949,0.0,0
564,564,2023-06-04 23:00:00,0.0,6347.992664591471,6347.992664591471,0.0,0
565,565,2023-06-04 23:05:00,0.0,5260.8429982503285,5260.8429982503285,0.0,0
566,566,2023-06-04 23:10:00,0.0,3616.64800211588,3616.64800211588,0.0,0
567,567,2023-06-04 23:15:00,0.0,3988.933668772371,3988.933668772371,0.0,0
568,568,2023-06-04 23:20:00,0.0,3533.4009920756007,3533.4009920756007,0.0,0
569,569,2023-06-04 23:25:00,0.0,3353.1906641642263,3353.1906641642263,0.0,0
570,570,2023-06-04 23:30:00,0.0,3134.589677937822,3134.589677937822,0.0,0
571,571,2023-06-04 23:35:00,0.0,3068.4839950561486,3068.4839950561486,0.0,0
572,572,2023-06-04 23:40:00,0.0,3177.869998168944,3177.869998168944,0.0,0
573,573,2023-06-04 23:45:00,0.0,3085.4513343811027,3085.4513343811027,0.0,0
574,574,2023-06-04 23:50:00,0.0,2962.941670227053,2962.941670227053,0.0,0
575,575,2023-06-04 23:55:00,0.0,3116.4166709899905,3116.4166709899905,0.0,0
576,576,2023-06-05 00:00:00,0.0,3260.851671600339,3260.851671600339,0.0,0
577,577,2023-06-05 00:05:00,0.0,3352.80332743327,3352.80332743327,0.0,0
578,578,2023-06-05 00:10:00,0.0,3465.0940068562827,3465.0940068562827,0.0,0
579,579,2023-06-05 00:15:00,0.0,3499.0870025634777,3499.0870025634777,0.0,0
580,580,2023-06-05 00:20:00,0.0,3370.233994547528,3370.233994547528,0.0,0
581,581,2023-06-05 00:25:00,0.0,3278.5340009053543,3278.5340009053543,0.0,0
582,582,2023-06-05 00:30:00,0.0,3189.243998463947,3189.243998463947,0.0,0
583,583,2023-06-05 00:35:00,0.0,3069.57733561198,3069.57733561198,0.0,0
584,584,2023-06-05 00:40:00,0.0,3011.8013313293463,3011.8013313293463,0.0,0
585,585,2023-06-05 00:45:00,0.0,3086.814337158199,3086.814337158199,0.0,0
586,586,2023-06-05 00:50:00,0.0,3037.7076586405465,3037.7076586405465,0.0,0
587,587,2023-06-05 00:55:00,0.0,3150.317336273197,3150.317336273197,0.0,0
588,588,2023-06-05 01:00:00,0.0,3033.456664530435,3033.456664530435,0.0,0
589,589,2023-06-05 01:05:00,0.0,3057.280329640706,3057.280329640706,0.0,0
590,590,2023-06-05 01:10:00,0.0,2965.9449999491358,2965.9449999491358,0.0,0
591,591,2023-06-05 01:15:00,0.0,2932.1686701456697,2932.1686701456697,0.0,0
592,592,2023-06-05 01:20:00,0.0,2982.645338948566,2982.645338948566,0.0,0
593,593,2023-06-05 01:25:00,0.0,3098.377337392168,3098.377337392168,0.0,0
594,594,2023-06-05 01:30:00,0.0,3323.2030042012548,3323.2030042012548,0.0,0
595,595,2023-06-05 01:35:00,0.0,3413.738670349118,3413.738670349118,0.0,0
596,596,2023-06-05 01:40:00,0.0,3287.2843310038265,3287.2843310038265,0.0,0
597,597,2023-06-05 01:45:00,0.0,3305.0919949849467,3305.0919949849467,0.0,0
598,598,2023-06-05 01:50:00,0.0,3417.8439971923813,3417.8439971923813,0.0,0
599,599,2023-06-05 01:55:00,0.0,3450.496662394201,3450.496662394201,0.0,0
600,600,2023-06-05 02:00:00,0.0,3472.2190093994154,3472.2190093994154,0.0,0
601,601,2023-06-05 02:05:00,0.0,3250.536673990885,3250.536673990885,0.0,0
602,602,2023-06-05 02:10:00,0.0,3154.003334045411,3154.003334045411,0.0,0
603,603,2023-06-05 02:15:00,0.0,3190.804334513346,3190.804334513346,0.0,0
604,604,2023-06-05 02:20:00,0.0,3219.678673553465,3219.678673553465,0.0,0
605,605,2023-06-05 02:25:00,0.0,3255.2943316141746,3255.2943316141746,0.0,0
606,606,2023-06-05 02:30:00,0.0,3308.461668650314,3308.461668650314,0.0,0
607,607,2023-06-05 02:35:00,0.0,3235.723666890461,3235.723666890461,0.0,0
608,608,2023-06-05 02:40:00,0.0,3339.324330139158,3339.324330139158,0.0,0
609,609,2023-06-05 02:45:00,0.0,3315.269995625816,3315.269995625816,0.0,0
610,610,2023-06-05 02:50:00,0.0,3315.4579999287944,3315.4579999287944,0.0,0
611,611,2023-06-05 02:55:00,0.0,3223.8583310445174,3223.8583310445174,0.0,0
612,612,2023-06-05 03:00:00,0.0,3150.274668629964,3150.274668629964,0.0,0
613,613,2023-06-05 03:05:00,0.0,3069.6169975280764,3069.6169975280764,0.0,0
614,614,2023-06-05 03:10:00,0.0,3207.825668334964,3207.825668334964,0.0,0
615,615,2023-06-05 03:15:00,0.0,3537.668674214677,3537.668674214677,0.0,0
616,616,2023-06-05 03:20:00,0.0,3523.174671936037,3523.174671936037,0.0,0
617,617,2023-06-05 03:25:00,0.0,3556.4486691792795,3556.4486691792795,0.0,0
618,618,2023-06-05 03:30:00,47.18333333333333,3371.776671091716,3324.5933377583824,0.0,0
619,619,2023-06-05 03:35:00,142.18333333333334,3093.8443407694504,2951.661007436117,0.0,0
620,620,2023-06-05 03:40:00,237.1833333333333,3113.252328999838,2876.0689956665046,0.0,0
621,621,2023-06-05 03:45:00,411.65,3422.370335388185,3010.720335388185,0.0,0
622,622,2023-06-05 03:50:00,666.65,3185.941673787436,2519.2916737874357,0.0,0
623,623,2023-06-05 03:55:00,921.65,3340.842671203614,2419.192671203614,0.0,0
624,624,2023-06-05 04:00:00,1308.2666666666669,3701.2113337198857,2392.944667053219,0.0,0
625,625,2023-06-05 04:05:00,1828.2666666666669,3923.815669250493,2095.549002583826,0.0,0
626,626,2023-06-05 04:10:00,2348.266666666667,3525.763326009112,1177.4966593424451,0.0,0
627,627,2023-06-05 04:15:00,3464.266666666667,4013.3006601969378,549.0339935302709,0.0,0
628,628,2023-06-05 04:20:00,5184.266666666666,3673.2890131632457,-1210.9776535034207,-300.0,0
629,629,2023-06-05 04:25:00,6904.266666666666,3840.852342224128,-3063.4143244425386,0.0,300
630,630,2023-06-05 04:30:00,8013.366666666667,3327.9059982299814,-4685.460668436685,0.0,300
631,631,2023-06-05 04:35:00,8503.366666666667,3195.5896713256834,-5307.776995340983,0.0,300
632,632,2023-06-05 04:40:00,8993.366666666667,3194.638332621258,-5798.728334045409,0.0,300
633,633,2023-06-05 04:45:00,9316.983333333334,3229.648330434165,-6087.335002899168,0.0,300
634,634,2023-06-05 04:50:00,9471.983333333334,3227.298666127524,-6244.684667205809,0.0,300
635,635,2023-06-05 04:55:00,9626.983333333334,3300.5926668802917,-6326.390666453042,0.0,300
636,636,2023-06-05 05:00:00,9861.45,4213.575322723389,-5647.874677276612,0.0,300
637,637,2023-06-05 05:05:00,10176.45,5552.906331634516,-4623.543668365484,0.0,300
638,638,2023-06-05 05:10:00,10491.45,6303.999988047278,-4187.450011952723,0.0,300
639,639,2023-06-05 05:15:00,11635.883333333331,5504.733010609951,-6131.150322723381,0.0,300
640,640,2023-06-05 05:20:00,13620.883333333331,6306.591672770186,-7314.291660563145,0.0,300
641,641,2023-06-05 05:25:00,15605.883333333331,6547.754660034174,-9058.128673299158,0.0,300
642,642,2023-06-05 05:30:00,16721.716666666667,6546.220344289144,-10175.496322377523,0.0,300
643,643,2023-06-05 05:35:00,16956.716666666667,5829.043305460616,-11127.673361206053,0.0,300
644,644,2023-06-05 05:40:00,17191.716666666667,7147.518319702154,-10044.198346964513,0.0,300
645,645,2023-06-05 05:45:00,17426.716666666667,7023.907306162522,-10402.809360504145,0.0,300
646,646,2023-06-05 05:50:00,17661.716666666667,7933.45964101154,-9728.257025655126,0.0,300
647,647,2023-06-05 05:55:00,17896.716666666667,4756.418016560871,-13140.298650105797,0.0,300
648,648,2023-06-05 06:00:00,18091.983333333334,3918.079344940189,-14173.903988393144,0.0,300
649,649,2023-06-05 06:05:00,18246.983333333334,3745.955652618402,-14501.027680714931,0.0,300
650,650,2023-06-05 06:10:00,18401.983333333334,3374.6183369954474,-15027.364996337887,0.0,300
651,651,2023-06-05 06:15:00,18666.25,4388.674666849772,-14277.575333150227,0.0,300
652,652,2023-06-05 06:20:00,19041.25,7412.815984090171,-11628.434015909828,0.0,300
653,653,2023-06-05 06:25:00,19416.25,8453.978991953525,-10962.271008046475,0.0,300
654,654,2023-06-05 06:30:00,19885.616666666665,7693.953326416023,-12191.663340250641,0.0,300
655,655,2023-06-05 06:35:00,20450.616666666665,5948.645013682049,-14501.971652984616,0.0,300
656,656,2023-06-05 06:40:00,21015.616666666665,4938.001327514645,-16077.61533915202,0.0,300
657,657,2023-06-05 06:45:00,21617.866666666665,5442.576006571453,-16175.290660095212,0.0,300
658,658,2023-06-05 06:50:00,22257.866666666665,5032.455662282313,-17225.411004384354,0.0,300
659,659,2023-06-05 06:55:00,22897.866666666665,4258.256667073564,-18639.6099995931,0.0,300
660,660,2023-06-05 07:00:00,23535.38333333333,3849.721000162764,-19685.662333170567,0.0,300
661,661,2023-06-05 07:05:00,24170.38333333333,3754.157663472485,-20416.225669860847,0.0,300
662,662,2023-06-05 07:10:00,24805.38333333333,3623.422662607823,-21181.960670725508,0.0,300
663,663,2023-06-05 07:15:00,25442.866666666665,3741.652337392171,-21701.214329274495,0.0,300
664,664,2023-06-05 07:20:00,26082.866666666665,3645.3159975687686,-22437.550669097895,0.0,300
665,665,2023-06-05 07:25:00,26722.866666666665,3975.347988128662,-22747.518678538003,0.0,300
666,666,2023-06-05 07:30:00,27375.283333333333,3675.817664337157,-23699.465668996178,0.0,300
667,667,2023-06-05 07:35:00,28040.283333333333,3660.6783269246375,-24379.605006408696,0.0,300
668,668,2023-06-05 07:40:00,28705.283333333333,4822.986669921874,-23882.29666341146,0.0,300
669,669,2023-06-05 07:45:00,29263.5,4653.100337219244,-24610.399662780757,0.0,300
670,670,2023-06-05 07:50:00,29713.5,4024.079335784913,-25689.420664215086,0.0,300
671,671,2023-06-05 07:55:00,30163.5,4023.819990030922,-26139.680009969077,0.0,300
672,672,2023-06-05 08:00:00,30628.4,4041.231338246667,-26587.168661753334,0.0,300
673,673,2023-06-05 08:05:00,31108.4,3906.7483304341663,-27201.651669565836,0.0,300
674,674,2023-06-05 08:10:00,31588.4,3772.817336527506,-27815.582663472494,0.0,300
675,675,2023-06-05 08:15:00,32070.88333333333,4571.825658671064,-27499.05767466227,0.0,300
676,676,2023-06-05 08:20:00,32555.88333333333,4820.107333119706,-27735.776000213627,0.0,300
677,677,2023-06-05 08:25:00,33040.88333333333,5733.820339457199,-27307.062993876134,0.0,300
678,678,2023-06-05 08:30:00,33473.73333333333,6343.861329905185,-27129.872003428143,0.0,300
679,679,2023-06-05 08:35:00,33853.73333333333,6085.185666147869,-27768.547667185463,0.0,300
680,680,2023-06-05 08:40:00,34233.73333333333,6543.95435206096,-27689.77898127237,0.0,300
681,681,2023-06-05 08:45:00,34663.4,5921.1009847005225,-28742.29901529948,0.0,300
682,682,2023-06-05 08:50:00,35143.4,5807.364644622803,-29336.0353553772,0.0,300
683,683,2023-06-05 08:55:00,35623.4,5730.619009653721,-29892.78099034628,0.0,300
684,684,2023-06-05 09:00:00,36133.2,6253.123653411865,-29880.076346588132,0.0,300
685,685,2023-06-05 09:05:00,36673.2,6475.666321818035,-30197.533678181964,0.0,300
686,686,2023-06-05 09:10:00,37213.2,5354.640987396241,-31858.559012603757,0.0,300
687,687,2023-06-05 09:15:00,37656.35,4458.18800303141,-33198.161996968585,0.0,300
688,688,2023-06-05 09:20:00,38001.35,4142.587343088784,-33858.76265691122,0.0,300
689,689,2023-06-05 09:25:00,38346.35,4260.049672698976,-34086.300327301025,0.0,300
690,690,2023-06-05 09:30:00,38639.2,4829.1866566976,-33810.013343302395,0.0,300
691,691,2023-06-05 09:35:00,38879.2,5108.370671335859,-33770.82932866414,0.0,300
692,692,2023-06-05 09:40:00,39119.2,4499.584660847977,-34619.61533915202,0.0,300
693,693,2023-06-05 09:45:00,39485.85,4594.036332956953,-34891.81366704305,0.0,300
694,694,2023-06-05 09:50:00,39980.85,4750.704004414881,-35230.14599558512,0.0,300
695,695,2023-06-05 09:55:00,40475.85,4859.619661712653,-35616.23033828734,0.0,300
696,696,2023-06-05 10:00:00,40774.66666666666,4265.680007934559,-36508.9866587321,0.0,300
697,697,2023-06-05 10:05:00,40874.66666666666,4261.731340281173,-36612.93532638549,0.0,300
698,698,2023-06-05 10:10:00,40974.66666666666,4364.617650858556,-36610.0490158081,0.0,300
699,699,2023-06-05 10:15:00,38519.316666666666,4276.633329264324,-34242.68333740234,0.0,300
700,700,2023-06-05 10:20:00,33474.316666666666,4170.538001505535,-29303.77866516113,0.0,300
701,701,2023-06-05 10:25:00,28429.316666666666,4202.08432718913,-24227.232339477538,0.0,300
702,702,2023-06-05 10:30:00,24308.116666666665,4049.364684295654,-20258.75198237101,0.0,300
703,703,2023-06-05 10:35:00,21123.116666666665,4322.780661265054,-16800.336005401612,0.0,300
704,704,2023-06-05 10:40:00,17938.116666666665,5502.015331268312,-12436.101335398353,0.0,300
705,705,2023-06-05 10:45:00,17427.666666666668,4993.485658772782,-12434.181007893887,0.0,300
706,706,2023-06-05 10:50:00,19627.666666666668,7281.423998006175,-12346.242668660492,0.0,300
707,707,2023-06-05 10:55:00,21827.666666666668,5713.234990437818,-16114.43167622885,0.0,300
708,708,2023-06-05 11:00:00,23958.13333333333,5854.688999176024,-18103.444334157306,0.0,300
709,709,2023-06-05 11:05:00,26018.13333333333,5025.195328776032,-20992.938004557298,0.0,300
710,710,2023-06-05 11:10:00,28078.13333333333,5247.871662139889,-22830.261671193442,0.0,300
711,711,2023-06-05 11:15:00,28692.83333333333,6747.248664093018,-21945.58466924031,0.0,300
712,712,2023-06-05 11:20:00,27842.83333333333,7197.477301534016,-20645.35603179931,0.0,300
713,713,2023-06-05 11:25:00,26992.83333333333,7029.988641866049,-19962.84469146728,0.0,300
714,714,2023-06-05 11:30:00,28345.55,6661.710684458417,-21683.839315541583,0.0,300
715,715,2023-06-05 11:35:00,31930.55,7626.809664662675,-24303.740335337323,0.0,300
716,716,2023-06-05 11:40:00,35515.55,7592.691338348395,-27922.858661651608,0.0,300
717,717,2023-06-05 11:45:00,37180.93333333333,10726.933335367848,-26453.99999796548,0.0,300
718,718,2023-06-05 11:50:00,36900.93333333333,10714.714675648996,-26186.21865768433,0.0,300
719,719,2023-06-05 11:55:00,36620.93333333333,9507.81595433552,-27113.117378997806,0.0,300
720,720,2023-06-05 12:00:00,33860.083333333336,9613.703680165612,-24246.37965316772,0.0,300
721,721,2023-06-05 12:05:00,28585.08333333333,9370.763640340168,-19214.31969299316,0.0,300
722,722,2023-06-05 12:10:00,23310.08333333333,6259.578992716471,-17050.50434061686,0.0,300
723,723,2023-06-05 12:15:00,24151.533333333333,5745.697994995114,-18405.83533833822,0.0,300
724,724,2023-06-05 12:20:00,31191.533333333333,5626.922645568842,-25564.610687764492,0.0,300
725,725,2023-06-05 12:25:00,38231.53333333333,5341.786659749354,-32889.74667358398,0.0,300
726,726,2023-06-05 12:30:00,39343.816666666666,6910.762012227389,-32433.05465443928,0.0,300
727,727,2023-06-05 12:35:00,34448.816666666666,7239.972684224441,-27208.843982442224,0.0,300
728,728,2023-06-05 12:40:00,29553.816666666666,5713.262350463871,-23840.554316202793,0.0,300
729,729,2023-06-05 12:45:00,27380.55,4919.80699081421,-22460.74300918579,0.0,300
730,730,2023-06-05 12:50:00,27965.55,5344.413986460373,-22621.136013539624,0.0,300
731,731,2023-06-05 12:55:00,28550.55,6263.415358734133,-22287.134641265868,0.0,300
732,732,2023-06-05 13:00:00,30908.65,4408.628997548427,-26500.021002451576,0.0,300
733,733,2023-06-05 13:05:00,35063.65,4888.354669443772,-30175.29533055623,0.0,300
734,734,2023-06-05 13:10:00,39218.65,4995.258002726228,-34223.39199727377,0.0,300
735,735,2023-06-05 13:15:00,39832.41666666666,6346.09298070272,-33486.32368596394,0.0,300
736,736,2023-06-05 13:20:00,36857.41666666666,7614.498681386307,-29242.91798528035,0.0,300
737,737,2023-06-05 13:25:00,33882.416666666664,6983.660967508942,-26898.755699157722,0.0,300
738,738,2023-06-05 13:30:00,29188.95,7196.430331420898,-21992.5196685791,0.0,300
739,739,2023-06-05 13:35:00,22753.95,7486.086353047686,-15267.863646952315,0.0,300
740,740,2023-06-05 13:40:00,16318.95,7666.530331929526,-8652.419668070474,0.0,300
741,741,2023-06-05 13:45:00,13599.016666666666,7813.898018391928,-5785.118648274738,0.0,300
742,742,2023-06-05 13:50:00,14644.016666666666,6516.264336140952,-8127.752330525715,0.0,300
743,743,2023-06-05 13:55:00,15689.016666666666,5874.363338979083,-9814.653327687583,0.0,300
744,744,2023-06-05 14:00:00,18373.016666666663,5760.009332784018,-12613.007333882644,0.0,300
745,745,2023-06-05 14:05:00,22718.016666666663,5742.343642171221,-16975.67302449544,0.0,300
746,746,2023-06-05 14:10:00,27063.016666666663,7419.995981343586,-19643.020685323077,0.0,300
747,747,2023-06-05 14:15:00,27347.766666666663,8252.843999226894,-19094.92266743977,0.0,300
748,748,2023-06-05 14:20:00,23517.766666666663,10733.84234670004,-12783.924319966623,0.0,300
749,749,2023-06-05 14:25:00,19687.766666666663,8042.907980855306,-11644.858685811356,0.0,300
750,750,2023-06-05 14:30:00,15070.55,7262.634677632648,-7807.915322367351,0.0,300
751,751,2023-06-05 14:35:00,9655.55,6924.849339803061,-2730.700660196938,0.0,300
752,752,2023-06-05 14:40:00,4240.55,6100.808346048992,1560.2583460489914,300.0,300
753,753,2023-06-05 14:45:00,1264.1833333333334,6453.7046450297,5189.521311696367,0.0,0
754,754,2023-06-05 14:50:00,759.1833333333333,7258.616664886465,6499.433331553131,0.0,0
755,755,2023-06-05 14:55:00,254.1833333333333,9220.978341166172,8966.79500783284,0.0,0
756,756,2023-06-05 15:00:00,0.0,9231.76632944741,9231.76632944741,0.0,0
757,757,2023-06-05 15:05:00,0.0,10069.759672037757,10069.759672037757,0.0,0
758,758,2023-06-05 15:10:00,0.0,8344.649669392904,8344.649669392904,0.0,0
759,759,2023-06-05 15:15:00,0.0,8988.432302856445,8988.432302856445,0.0,0
760,760,2023-06-05 15:20:00,0.0,8294.534999593105,8294.534999593105,0.0,0
761,761,2023-06-05 15:25:00,0.0,9099.630329132082,9099.630329132082,0.0,0
762,762,2023-06-05 15:30:00,0.0,7538.472662862142,7538.472662862142,0.0,0
763,763,2023-06-05 15:35:00,0.0,8442.602348327617,8442.602348327617,0.0,0
764,764,2023-06-05 15:40:00,0.0,8587.28568064371,8587.28568064371,0.0,0
765,765,2023-06-05 15:45:00,0.0,6776.933675384536,6776.933675384536,0.0,0
766,766,2023-06-05 15:50:00,0.0,6445.587320709231,6445.587320709231,0.0,0
767,767,2023-06-05 15:55:00,0.0,8458.601348876957,8458.601348876957,0.0,0
768,768,2023-06-05 16:00:00,0.0,10276.60065409343,10276.60065409343,0.0,0
769,769,2023-06-05 16:05:00,0.0,11950.78333892822,11950.78333892822,0.0,0
770,770,2023-06-05 16:10:00,0.0,11354.148625691729,11354.148625691729,0.0,0
771,771,2023-06-05 16:15:00,0.0,9670.400318908689,9670.400318908689,0.0,0
772,772,2023-06-05 16:20:00,0.0,8853.768362935383,8853.768362935383,0.0,0
773,773,2023-06-05 16:25:00,0.0,8538.140677897134,8538.140677897134,0.0,0
774,774,2023-06-05 16:30:00,0.0,8133.142352803556,8133.142352803556,0.0,0
775,775,2023-06-05 16:35:00,0.0,7551.251319885254,7551.251319885254,0.0,0
776,776,2023-06-05 16:40:00,0.0,7181.532663472485,7181.532663472485,0.0,0
777,777,2023-06-05 16:45:00,0.0,7340.4413386027,7340.4413386027,0.0,0
778,778,2023-06-05 16:50:00,0.0,8590.799359639486,8590.799359639486,0.0,0
779,779,2023-06-05 16:55:00,0.0,6815.405991109204,6815.405991109204,0.0,0
780,780,2023-06-05 17:00:00,0.0,4995.775343322752,4995.775343322752,0.0,0
781,781,2023-06-05 17:05:00,0.0,6429.493317159014,6429.493317159014,0.0,0
782,782,2023-06-05 17:10:00,0.0,8592.194970194481,8592.194970194481,0.0,0
783,783,2023-06-05 17:15:00,0.0,10107.846688334144,10107.846688334144,0.0,0
784,784,2023-06-05 17:20:00,0.0,8927.885302480054,8927.885302480054,0.0,0
785,785,2023-06-05 17:25:00,0.0,6230.758671569824,6230.758671569824,0.0,0
786,786,2023-06-05 17:30:00,0.0,6974.728008015953,6974.728008015953,0.0,0
787,787,2023-06-05 17:35:00,0.0,4849.802656555174,4849.802656555174,0.0,0
788,788,2023-06-05 17:40:00,0.0,5578.777685801181,5578.777685801181,0.0,0
789,789,2023-06-05 17:45:00,0.0,5397.9503425598205,5397.9503425598205,0.0,0
790,790,2023-06-05 17:50:00,0.0,4541.548320515956,4541.548320515956,0.0,0
791,791,2023-06-05 17:55:00,0.0,6268.024330393473,6268.024330393473,0.0,0
792,792,2023-06-05 18:00:00,0.0,7725.103002929692,7725.103002929692,0.0,0
793,793,2023-06-05 18:05:00,0.0,6788.683011118572,6788.683011118572,0.0,0
794,794,2023-06-05 18:10:00,0.0,7521.689681243885,7521.689681243885,0.0,0
795,795,2023-06-05 18:15:00,0.0,6156.397027333581,6156.397027333581,0.0,0
796,796,2023-06-05 18:20:00,0.0,5725.904344685874,5725.904344685874,0.0,0
797,797,2023-06-05 18:25:00,0.0,6716.059695688889,6716.059695688889,0.0,0
798,798,2023-06-05 18:30:00,0.0,7263.978622436524,7263.978622436524,0.0,0
799,799,2023-06-05 18:35:00,0.0,7098.594657897955,7098.594657897955,0.0,0
800,800,2023-06-05 18:40:00,0.0,6273.211329650876,6273.211329650876,0.0,0
801,801,2023-06-05 18:45:00,0.0,5941.904998779301,5941.904998779301,0.0,0
802,802,2023-06-05 18:50:00,0.0,5004.037665812173,5004.037665812173,0.0,0
803,803,2023-06-05 18:55:00,0.0,5042.940334828697,5042.940334828697,0.0,0
804,804,2023-06-05 19:00:00,0.0,5113.339973958328,5113.339973958328,0.0,0
805,805,2023-06-05 19:05:00,0.0,4877.637008158368,4877.637008158368,0.0,0
806,806,2023-06-05 19:10:00,0.0,4942.821331278481,4942.821331278481,0.0,0
807,807,2023-06-05 19:15:00,0.0,4909.996003977458,4909.996003977458,0.0,0
808,808,2023-06-05 19:20:00,0.0,4797.787337493895,4797.787337493895,0.0,0
809,809,2023-06-05 19:25:00,0.0,4976.888667297363,4976.888667297363,0.0,0
810,810,2023-06-05 19:30:00,0.0,5264.148007710778,5264.148007710778,0.0,0
811,811,2023-06-05 19:35:00,0.0,5312.880996704099,5312.880996704099,0.0,0
812,812,2023-06-05 19:40:00,0.0,5012.732006835937,5012.732006835937,0.0,0
813,813,2023-06-05 19:45:00,0.0,4996.923996988932,4996.923996988932,0.0,0
814,814,2023-06-05 19:50:00,0.0,5287.330682373047,5287.330682373047,0.0,0
815,815,2023-06-05 19:55:00,0.0,6134.489980570472,6134.489980570472,0.0,0
816,816,2023-06-05 20:00:00,0.0,6449.238011169422,6449.238011169422,0.0,0
817,817,2023-06-05 20:05:00,0.0,5474.90999298096,5474.90999298096,0.0,0
818,818,2023-06-05 20:10:00,0.0,5604.333005269368,5604.333005269368,0.0,0
819,819,2023-06-05 20:15:00,0.0,5073.0469902038585,5073.0469902038585,0.0,0
820,820,2023-06-05 20:20:00,0.0,4897.519669087727,4897.519669087727,0.0,0
821,821,2023-06-05 20:25:00,0.0,4718.623996225992,4718.623996225992,0.0,0
822,822,2023-06-05 20:30:00,0.0,4510.250320180257,4510.250320180257,0.0,0
823,823,2023-06-05 20:35:00,0.0,4419.368011220296,4419.368011220296,0.0,0
824,824,2023-06-05 20:40:00,0.0,4491.008005269368,4491.008005269368,0.0,0
825,825,2023-06-05 20:45:00,0.0,4513.661337534586,4513.661337534586,0.0,0
826,826,2023-06-05 20:50:00,0.0,4859.766991170249,4859.766991170249,0.0,0
827,827,2023-06-05 20:55:00,0.0,6805.429019165046,6805.429019165046,0.0,0
828,828,2023-06-05 21:00:00,0.0,6690.153659057614,6690.153659057614,0.0,0
829,829,2023-06-05 21:05:00,0.0,6353.173012797035,6353.173012797035,0.0,0
830,830,2023-06-05 21:10:00,0.0,5978.323667907709,5978.323667907709,0.0,0
831,831,2023-06-05 21:15:00,0.0,5749.19597981771,5749.19597981771,0.0,0
832,832,2023-06-05 21:20:00,0.0,4579.56500193278,4579.56500193278,0.0,0
833,833,2023-06-05 21:25:00,0.0,4537.032669067383,4537.032669067383,0.0,0
834,834,2023-06-05 21:30:00,0.0,4241.892004140218,4241.892004140218,0.0,0
835,835,2023-06-05 21:35:00,0.0,4520.774999745688,4520.774999745688,0.0,0
836,836,2023-06-05 21:40:00,0.0,4718.894656626386,4718.894656626386,0.0,0
837,837,2023-06-05 21:45:00,0.0,4394.338659922282,4394.338659922282,0.0,0
838,838,2023-06-05 21:50:00,0.0,4352.602667999271,4352.602667999271,0.0,0
839,839,2023-06-05 21:55:00,0.0,4483.490989685059,4483.490989685059,0.0,0
840,840,2023-06-05 22:00:00,0.0,4304.567330169679,4304.567330169679,0.0,0
841,841,2023-06-05 22:05:00,0.0,4364.671657307943,4364.671657307943,0.0,0
842,842,2023-06-05 22:10:00,0.0,4219.074326578777,4219.074326578777,0.0,0
843,843,2023-06-05 22:15:00,0.0,3909.951658884685,3909.951658884685,0.0,0
844,844,2023-06-05 22:20:00,0.0,3891.9753257751454,3891.9753257751454,0.0,0
845,845,2023-06-05 22:25:00,0.0,3892.207657114662,3892.207657114662,0.0,0
846,846,2023-06-05 22:30:00,0.0,3893.198674519853,3893.198674519853,0.0,0
847,847,2023-06-05 22:35:00,0.0,3944.145000457763,3944.145000457763,0.0,0
848,848,2023-06-05 22:40:00,0.0,3829.5253252665193,3829.5253252665193,0.0,0
849,849,2023-06-05 22:45:00,0.0,3833.1679939270048,3833.1679939270048,0.0,0
850,850,2023-06-05 22:50:00,0.0,3837.4793261210098,3837.4793261210098,0.0,0
851,851,2023-06-05 22:55:00,0.0,3967.437327829997,3967.437327829997,0.0,0
852,852,2023-06-05 23:00:00,0.0,3676.250338490799,3676.250338490799,0.0,0
853,853,2023-06-05 23:05:00,0.0,3741.4743380228674,3741.4743380228674,0.0,0
854,854,2023-06-05 23:10:00,0.0,3716.215667215981,3716.215667215981,0.0,0
855,855,2023-06-05 23:15:00,0.0,3763.879005940752,3763.879005940752,0.0,0
856,856,2023-06-05 23:20:00,0.0,3723.9956682840975,3723.9956682840975,0.0,0
857,857,2023-06-05 23:25:00,0.0,3598.181337992353,3598.181337992353,0.0,0
858,858,2023-06-05 23:30:00,0.0,3522.233337402344,3522.233337402344,0.0,0
859,859,2023-06-05 23:35:00,0.0,3691.89966557821,3691.89966557821,0.0,0
860,860,2023-06-05 23:40:00,0.0,3584.034666951496,3584.034666951496,0.0,0
861,861,2023-06-05 23:45:00,0.0,3437.2903266906733,3437.2903266906733,0.0,0
862,862,2023-06-05 23:50:00,0.0,3341.342000071211,3341.342000071211,0.0,0
863,863,2023-06-05 23:55:00,0.0,3306.530990346273,3306.530990346273,0.0,0
